"cluster","period","n_states","heat_rr_25_4_vs_14_8","heat_rr_low_95","heat_rr_high_95","cold_rr_2_6_vs_14_8","cold_rr_low_95","cold_rr_high_95","relative_heat_rr_p99_vs_p50","relative_heat_rr_low_95","relative_heat_rr_high_95","relative_cold_rr_p01_vs_p50","relative_cold_rr_low_95","relative_cold_rr_high_95","q_stat","q_df","q_pvalue","i2"
"cluster_1","2018-2021",3,1.01067064863399,0.946784975206331,1.07886709945693,1.43257095117987,1.08893114216854,1.88465500773302,1.07905315490369,0.9581163513814,1.21525502558102,1.12980556271704,1.01660885990411,1.25560641844768,NA,20,0.947028004125854,NA
"cluster_1","2022-2025",5,1.02299869271439,0.96666881802667,1.08261103056133,NA,NA,NA,0.920651978099676,0.778920717181743,1.08817244949601,1.1360740256306,0.981663876224574,1.3147720140995,NA,40,0.123756968273163,NA
"cluster_2","2018-2021",9,0.997950762823,0.923788457161204,1.07806686400848,1.02129984790217,0.958384834742965,1.08834503793535,0.974148157716094,0.869806630400422,1.0910064375398,1.02062444943456,0.944074976855582,1.10338086732591,NA,80,0.00262977572817114,NA
"cluster_2","2022-2025",10,0.97780776098115,0.934864867638006,1.02272323041793,1.19461364573027,1.12778255509564,1.26540506954725,0.985118636139239,0.917865721193874,1.05729923763419,1.25367360014099,1.16331171571175,1.35105447186945,NA,90,0.72516402591173,NA
"cluster_3","2018-2021",8,0.998035073546091,0.925356644229382,1.07642173883958,1.03353065107554,0.943349547151353,1.13233277096306,0.991207738318658,0.892704749280204,1.10057976200416,0.993618150930004,0.901237210478796,1.09546856075001,NA,70,0.766633647263727,NA
"cluster_3","2022-2025",8,1.06975490575467,0.96327652275124,1.18800316560992,1.04655607885387,0.965439979998491,1.13448753819755,1.06769431301856,0.945194015596264,1.20607105762623,1.11293405459851,1.01019339815126,1.22612384138706,NA,70,0.642641114296511,NA
"cluster_4","2018-2021",11,0.9772678823508,0.917973485732131,1.04039226482965,1.01754080517531,0.965064251300361,1.07287083611449,1.03106596441319,0.949880663617541,1.1191900874396,0.983149496118847,0.904003888417879,1.06922430766353,NA,100,0.0647783599560121,NA
"cluster_4","2022-2025",10,1.02543307148428,0.938510029319084,1.1204067631079,1.02266204685179,0.965651782598646,1.08303808983468,1.02341384742534,0.928175012552478,1.1284250156893,1.0550364585998,0.961535285959345,1.15762982932471,NA,90,0.0113408364020936,NA
