"percentile","temperature_C","rr_cumulative","rr_low_95","rr_high_95"
"p01",-5.57742857142857,1.26084065059476,1.19671596016007,1.32840139106993
"p10",1.32857142857143,1.22285342284801,1.18137832743414,1.26578460011105
"p50",14.7857142857143,1.06236898631201,1.03612356631072,1.08927921318909
"p90",25.8,1.00197766014182,0.996050027215104,1.00794056924057
"p99",29.1857142857143,1.0236987810591,0.982488148396617,1.06663800072512
