"total_ac","total_deaths","af"
87177.5015491184,958044,0.0909953003715053
